pivo,massa,n,M,tempo_mediana_ms,tempo_medio_ms,tempo_min_ms,tempo_desvio_ms,tempo_mad_ms,comparacoes_medias,trocas_medias,repeticoes
meio,aleatorio,1000,1,0.0389045,0.04663313,0.03514,0.0139516182838,0.004729494,13318.51,2597,200
meio,ordenado,1000,1,0.00509,0.006806895,0.005079,0.00222066815378,1.4826e-05,9009,511,200
meio,repetidos,1000,1,0.02008,0.02055018,0.01352,0.00222316017041,0.0006011943,10437.51,3835.995,200
meio,aleatorio,1000,2,0.0365795,0.037765955,0.02139,0.00324355858502,0.0008814057,13318.51,2597,200
meio,ordenado,1000,2,0.0051045,0.00520901,0.00507,0.000856645532142,2.14977e-05,9009,511,200
meio,repetidos,1000,2,0.020255,0.020267185,0.01358,0.000903225732803,0.0004959297,10437.51,3835.995,200
meio,aleatorio,1000,3,0.0357295,0.038310705,0.03201,0.00649878706874,0.0008443407,12893.73,2431.99,200
meio,ordenado,1000,3,0.00501,0.00509241,0.004999,0.000861154846849,1.4826e-05,8963,488,200
meio,repetidos,1000,3,0.01951,0.019544995,0.01302,0.00124191763092,0.0005322534,10202.67,3603.735,200
meio,aleatorio,1000,4,0.034679,0.03502477,0.01993,0.00218958067785,0.0006019356,12690.385,2415.505,200
meio,ordenado,1000,4,0.00572,0.005770455,0.005709,0.000448535347285,1.4826e-05,8497,255,200
meio,repetidos,1000,4,0.01885,0.019475545,0.01763,0.00260365869518,0.000607866,9946.98,3351.23,200
meio,aleatorio,1000,5,0.0371495,0.037369955,0.01849,0.00409083628375,0.0053158623,12495.775,2457.845,200
meio,ordenado,1000,5,0.00461,0.00461591,0.004599,5.54706849103e-05,0,8497,255,200
meio,repetidos,1000,5,0.0187495,0.018768255,0.01214,0.000868027394593,0.0004588647,9739.25,3215.28,200
meio,aleatorio,1000,6,0.03295,0.03477188,0.01772,0.00421363400084,0.000874734,12342.55,2531.455,200
meio,ordenado,1000,6,0.00563,0.00554037,0.004599,0.00104775495481,0.000103782,8497,255,200
meio,repetidos,1000,6,0.018135,0.01955879,0.01271,0.00287962387548,0.000904386,9556.425,3081.675,200
meio,aleatorio,1000,8,0.03889,0.037254805,0.01723,0.00555283044372,0.003758391,12159.38,2733.695,200
meio,ordenado,1000,8,0.00388,0.00389372,0.003869,3.71820402964e-05,0,7752,127,200
meio,repetidos,1000,8,0.01794,0.019676195,0.01291,0.00283076163499,0.001823598,9215.415,2874.39,200
meio,aleatorio,1000,10,0.0308,0.03320109,0.020469,0.0041343879949,0.0017576223,12083.355,2971.305,200
meio,ordenado,1000,10,0.00388,0.00390912,0.003869,0.00031493072637,1.4826e-05,7752,127,200
meio,repetidos,1000,10,0.0175,0.01763066,0.01056,0.00117855383846,0.000422541,8970.14,2737.855,200
meio,aleatorio,1000,12,0.02964,0.02978467,0.01572,0.0016307288259,0.00051891,12076.745,3228.05,200
meio,ordenado,1000,12,0.00395,0.003945615,0.00391,5.2170061834e-05,1.4826e-05,7752,127,200
meio,repetidos,1000,12,0.01696,0.016948325,0.01032,0.000862227231284,0.0004736907,8769.325,2634.215,200
meio,aleatorio,1000,15,0.0286745,0.029105775,0.01493,0.00200929947901,0.000696822,12159.625,3634.09,200
meio,ordenado,1000,15,0.00383,0.003868615,0.0038,0.000425546904128,1.4826e-05,7453,104,200
meio,repetidos,1000,15,0.01654,0.01656947,0.00968,0.000814468133695,0.00051891,8493.06,2502.95,200
meio,aleatorio,1000,20,0.02736,0.027566185,0.01455,0.00201518862311,0.0004974123,12458.07,4364.06,200
meio,ordenado,1000,20,0.003565,0.00359807,0.00353,0.000448122050294,3.7065e-05,6879,63,200
meio,repetidos,1000,20,0.016089,0.016081525,0.00932,0.000794942366594,0.0004610886,8194.955,2386.08,200
meio,aleatorio,1000,25,0.02653,0.026576635,0.0144,0.00131495751189,0.0005552337,12876.94,5121.705,200
meio,ordenado,1000,25,0.00358,0.003604065,0.003539,0.000327654387677,1.4826e-05,6879,63,200
meio,repetidos,1000,25,0.01588,0.01587012,0.009359,0.000951354240044,0.000489258,8001.185,2336.49,200
meio,aleatorio,1000,30,0.02599,0.02606175,0.01441,0.00123357585272,0.0005329947,13358.455,5887.03,200
meio,ordenado,1000,30,0.00359,0.00362387,0.00353,0.000617027933284,1.4826e-05,6879,63,200
meio,repetidos,1000,30,0.015545,0.01556094,0.00878,0.000828222002137,0.0004825863,7854.145,2325.73,200
meio,aleatorio,1000,40,0.025495,0.025540245,0.014809,0.00137642550866,0.000496671,14438.265,7412.87,200
meio,ordenado,1000,40,0.00312,0.003126975,0.003109,4.64452384629e-05,1.4826e-05,5942,31,200
meio,repetidos,1000,40,0.0151595,0.015193525,0.008759,0.000828331979775,0.0004529343,7800.65,2497.89,200
meio,aleatorio,1000,50,0.025285,0.025326355,0.01541,0.0010223706361,0.000511497,15710.165,9043.435,200
meio,ordenado,1000,50,0.00313,0.003159925,0.00311,0.000336096449687,0,5942,31,200
meio,repetidos,1000,50,0.015155,0.01513588,0.01075,0.000780477914148,0.000511497,7893.525,2743.59,200
meio,aleatorio,1000,70,0.0257895,0.02587354,0.01697,0.00126661908161,0.00051891,18333.87,12193.195,200
meio,ordenado,1000,70,0.00279,0.00281873,0.002779,0.000355373972601,1.4826e-05,4973,15,200
meio,repetidos,1000,70,0.01511,0.015104275,0.0085,0.000918631081936,0.0005329947,8534.915,3662.035,200
meio,aleatorio,1000,100,0.0274295,0.027495185,0.02036,0.00107738793132,0.0006960807,22638.09,17067.95,200
meio,ordenado,1000,100,0.0028,0.002809575,0.00279,5.48386795874e-05,0,4973,15,200
meio,repetidos,1000,100,0.015805,0.015896825,0.01026,0.00109024046233,0.000845082,10603.545,6083.78,200
meio,aleatorio,1000,150,0.030515,0.03050722,0.02488,0.00124303854555,0.0010904523,30439.52,25531.935,200
meio,ordenado,1000,150,0.00233,0.00233783,0.00232,4.72565020386e-05,0,3988,7,200
meio,repetidos,1000,150,0.017755,0.017767155,0.01233,0.00131944912023,0.001267623,14195.98,10014.495,200
meio,aleatorio,1000,200,0.033585,0.033699085,0.02898,0.00175527727706,0.001534491,37894.335,33442.445,200
meio,ordenado,1000,200,0.00233,0.00236348,0.002319,0.000454466509925,0,3988,7,200
meio,repetidos,1000,200,0.020905,0.020987035,0.01663,0.00185711852607,0.0016834923,20447.29,16617.94,200
meio,aleatorio,10000,1,0.452676,0.45266764,0.440736,0.00560583602379,0.004581234,179430.72,33631.6,100
meio,ordenado,10000,1,0.0647095,0.06506838,0.0643,0.00174831754495,0.0002513007,125439,5904,100
meio,repetidos,10000,1,0.220163,0.22007885,0.210598,0.00486485824926,0.004855515,137059.33,54701.58,100
meio,aleatorio,10000,2,0.4542165,0.45621058,0.440067,0.0145440209314,0.0057013383,179430.72,33631.6,100
meio,ordenado,10000,2,0.0647245,0.06561467,0.064309,0.00362446941029,0.0002008923,125439,5904,100
meio,repetidos,10000,2,0.221183,0.22590271,0.211048,0.0245179690709,0.006923742,137059.33,54701.58,100
meio,aleatorio,10000,3,0.445172,0.45347945,0.431167,0.0265460563144,0.0068874183,175177.02,31977.32,100
meio,ordenado,10000,3,0.0603695,0.06346113,0.059919,0.00651817866619,0.0004885167,121821,4095,100
meio,repetidos,10000,3,0.216503,0.22732339,0.205449,0.0338657265149,0.0071157387,134525.8,52170.58,100
meio,aleatorio,10000,4,0.438627,0.43979813,0.422797,0.0078338086763,0.006908916,173152.76,31809.2,100
meio,ordenado,10000,4,0.0606945,0.06548386,0.06029,0.0147482374102,0.0004514517,121343,3856,100
meio,repetidos,10000,4,0.211513,0.21797896,0.199738,0.0287346114885,0.006945981,132255.97,49903.82,100
meio,aleatorio,10000,5,0.4260515,0.43748665,0.414187,0.0313618203735,0.0063166173,171204.86,32226.24,100
meio,ordenado,10000,5,0.054409,0.05467525,0.05408,0.00122634592624,4.59606e-05,115916,2047,100
meio,repetidos,10000,5,0.207558,0.20882715,0.197068,0.0104126328688,0.005581989,129776.01,48253.02,100
meio,aleatorio,10000,6,0.418277,0.42478297,0.403057,0.0235365530609,0.0071372364,169673.87,32970.37,100
meio,ordenado,10000,6,0.0542,0.05909533,0.053289,0.0135846909104,0.0005715423,115916,2047,100
meio,repetidos,10000,6,0.203308,0.20936405,0.191629,0.0228572120875,0.005611641,128024.74,46943.3,100
meio,aleatorio,10000,8,0.406407,0.40913822,0.392347,0.0132307413419,0.005759901,167797.27,34978.24,100
meio,ordenado,10000,8,0.054129,0.05440457,0.05377,0.00117627057678,0.000126021,115916,2047,100
meio,repetidos,10000,8,0.199563,0.20001502,0.188668,0.00741699210315,0.0052491453,124951.58,45010.08,100
meio,aleatorio,10000,10,0.3968515,0.40028847,0.383607,0.0141770126488,0.006627222,167025.61,37342.91,100
meio,ordenado,10000,10,0.0495995,0.05009882,0.04903,0.0020115857325,0.000437367,107963,1023,100
meio,repetidos,10000,10,0.1962385,0.19758684,0.185778,0.00948012716183,0.005960052,121885.29,43189.49,100
meio,aleatorio,10000,12,0.387127,0.38877353,0.374877,0.00779325088928,0.005960052,166983.98,39941.13,100
meio,ordenado,10000,12,0.0493245,0.0495549,0.04909,0.000970914798247,0.000229803,107963,1023,100
meio,repetidos,10000,12,0.1916635,0.19570553,0.182129,0.0193127990572,0.0053514447,119826.48,42013.14,100
meio,aleatorio,10000,15,0.378472,0.3802508,0.364647,0.0120109799943,0.008065344,167851.41,44102.52,100
meio,ordenado,10000,15,0.0492345,0.05424426,0.04897,0.0126875718117,0.000200151,107963,1023,100
meio,repetidos,10000,15,0.1897635,0.19532676,0.179338,0.0247174337927,0.006516027,117146.86,40547.46,100
meio,aleatorio,10000,20,0.365442,0.36655772,0.353817,0.00818764150385,0.007235088,170730.75,51316.6,100
meio,ordenado,10000,20,0.0457395,0.05098542,0.04544,0.0128342937541,0.0002083053,98986,511,100
meio,repetidos,10000,20,0.183764,0.18530763,0.174569,0.00895467755388,0.0068132883,113061.23,38350.07,100
meio,aleatorio,10000,25,0.3559675,0.35752429,0.344737,0.00779827304412,0.0055367697,174784.08,58778.33,100
meio,ordenado,10000,25,0.045755,0.05387558,0.04545,0.0158859415291,0.000363237,98986,511,100
meio,repetidos,10000,25,0.1821585,0.18317536,0.171678,0.00896914422178,0.0061016403,110362.9,36964.98,100
meio,aleatorio,10000,30,0.350567,0.35140144,0.337837,0.0072837544103,0.0048028827,179724.93,66556.88,100
meio,ordenado,10000,30,0.0455,0.04585495,0.04543,0.00116614319317,7.413e-05,98986,511,100
meio,repetidos,10000,30,0.179338,0.18773063,0.169158,0.026781465863,0.00674583,108171.1,35875.27,100
meio,aleatorio,10000,40,0.345247,0.34553069,0.333028,0.00524401406453,0.0057458163,190647.02,81881.65,100
meio,ordenado,10000,40,0.04127,0.04154926,0.04105,0.00155211006339,6.07866e-05,89497,255,100
meio,repetidos,10000,40,0.173929,0.17376736,0.164878,0.00458187490299,0.0049652274,104105.55,33906.45,100
meio,aleatorio,10000,50,0.342998,0.34372178,0.331068,0.00536753896841,0.0050274966,203099.27,97814.5,100
meio,ordenado,10000,50,0.0413295,0.04155077,0.041049,0.000949487760412,0.0002513007,89497,255,100
meio,repetidos,10000,50,0.171244,0.17115016,0.162779,0.0047715356775,0.0056716863,101631.89,32854.58,100
meio,aleatorio,10000,70,0.349207,0.34868488,0.337098,0.00526663141392,0.005648706,230322.55,130417.2,100
meio,ordenado,10000,70,0.0413145,0.04145398,0.04106,0.000795792140517,0.000126021,89497,255,100
meio,repetidos,10000,70,0.1670985,0.16696095,0.156898,0.00467683996606,0.0054255747,98120.49,31625.25,100
meio,aleatorio,10000,100,0.364042,0.36449922,0.352177,0.00629779388916,0.005656119,273563.97,179458.43,100
meio,ordenado,10000,100,0.03802,0.0382489,0.03787,0.0010249380814,4.29954e-05,79752,127,100
meio,repetidos,10000,100,0.162619,0.16295331,0.153769,0.0053869030958,0.005552337,95190.93,31293.82,100
meio,aleatorio,10000,150,0.3937515,0.39428279,0.380467,0.00612272089,0.0059963757,349047.09,261532.35,100
meio,ordenado,10000,150,0.03791,0.03812278,0.03764,0.0009635534988,4.4478e-05,79752,127,100
meio,repetidos,10000,150,0.160259,0.16027295,0.148109,0.00505590530289,0.004988949,95262.7,34416.81,100
meio,aleatorio,10000,200,0.426232,0.42693385,0.407817,0.0070588916081,0.008183952,426641.45,343783.99,100
meio,ordenado,10000,200,0.03346,0.03357504,0.03341,0.000637362192196,2.9652e-05,69879,63,100
meio,repetidos,10000,200,0.160024,0.16021763,0.150988,0.00523866963923,0.005574576,99558.95,40804.15,100
meio,aleatorio,100000,1,5.437477,5.4307378,5.360968,0.0423557414867,0.043543962,2253071.2,413289.8,15
meio,ordenado,100000,1,0.810464,0.810496266667,0.801054,0.00513855544552,0.00289107,1600016,65535,15
meio,repetidos,100000,1,2.45979,2.46274466667,2.397651,0.0463547203817,0.0333125394,1697826.86667,712816.2,15
meio,aleatorio,100000,2,5.433768,5.43965713333,5.358738,0.0473446089748,0.0612773406,2253071.2,413289.8,15
meio,ordenado,100000,2,0.804774,0.806102266667,0.797904,0.00657340345056,0.004180932,1600016,65535,15
meio,repetidos,100000,2,2.459331,2.4636432,2.396621,0.0381189282138,0.042787836,1697826.86667,712816.2,15
meio,aleatorio,100000,3,5.360018,5.35600786667,5.266649,0.0520249586982,0.057806574,2210456.2,396721.8,15
meio,ordenado,100000,3,0.726064,0.7259234,0.716494,0.00542290601852,0.00333585,1537874,34464,15
meio,repetidos,100000,3,2.414101,2.41733626667,2.343642,0.041034882902,0.019599972,1673577.2,688569.133333,15
meio,aleatorio,100000,4,5.264088,5.27245106667,5.183379,0.0642342385942,0.057065274,2190166.26667,395048.6,15
meio,ordenado,100000,4,0.725634,0.730646866667,0.716445,0.0131031464044,0.00896973,1534480,32767,15
meio,repetidos,100000,4,2.375332,2.37133486667,2.313482,0.0304675670928,0.040815978,1649988.33333,664983.666667,15
meio,aleatorio,100000,5,5.189409,5.1843958,5.08923,0.0612117065428,0.046271946,2170709,399195.4,15
meio,ordenado,100000,5,0.722684,0.722604666667,0.714654,0.00473734625332,0.003869586,1534480,32767,15
meio,repetidos,100000,5,2.342681,2.38807973333,2.271152,0.182512663887,0.0449212974,1630692.33333,652123.666667,15
meio,aleatorio,100000,6,5.1208,5.13980626667,5.024361,0.0892040561549,0.0476225946,2155498.86667,406733.466667,15
meio,ordenado,100000,6,0.649825,0.6857132,0.642615,0.0906248251326,0.00541149,1475732,18080,15
meio,repetidos,100000,6,2.299172,2.3296522,2.210502,0.130006492815,0.032498592,1607928.26667,635055.2,15
meio,aleatorio,100000,8,5.0016,5.0136062,4.903381,0.0959344290553,0.044878302,2136650.2,426735.2,15
meio,ordenado,100000,8,0.640774,0.671845266667,0.634915,0.107659997186,0.0043870134,1467247,16383,15
meio,repetidos,100000,8,2.256492,2.27512053333,2.188893,0.095897125473,0.0585463914,1576056.2,614981.266667,15
meio,aleatorio,100000,10,4.858482,4.8651098,4.770913,0.0551650728621,0.076991418,2128771.53333,450271.866667,15
meio,ordenado,100000,10,0.641165,0.640346333333,0.634165,0.00354953692486,0.002490768,1467247,16383,15
meio,repetidos,100000,10,2.215712,2.20552706667,2.149453,0.0337293750746,0.0193197606,1552110.26667,600690.066667,15
meio,aleatorio,100000,12,4.767703,4.77686433333,4.679363,0.0757894897676,0.050097054,2128157.6,476161.066667,15
meio,ordenado,100000,12,0.611626,0.615122666667,0.606286,0.0125787539791,0.0072810486,1402297,9888,15
meio,repetidos,100000,12,2.191863,2.21626993333,2.095084,0.0978402090857,0.062254374,1525218.6,585188.6,15
meio,aleatorio,100000,15,4.698513,4.69140486667,4.579794,0.0569156331987,0.0490577514,2136687.86667,517674.333333,15
meio,ordenado,100000,15,0.601755,0.6304042,0.594575,0.0708861506595,0.005574576,1383630,8191,15
meio,repetidos,100000,15,2.165343,2.22109726667,2.103173,0.166367696571,0.02720571,1496163.8,569092.8,15
meio,aleatorio,100000,20,4.552324,4.55776946667,4.480785,0.0455488905257,0.0182967666,2165609.6,589661.333333,15
meio,ordenado,100000,20,0.601975,0.6049746,0.595835,0.0122685225027,0.0057065274,1383630,8191,15
meio,repetidos,100000,20,2.129113,2.11977646667,2.054864,0.0389698631763,0.035122794,1463044.66667,550946.133333,15
meio,aleatorio,100000,25,4.491254,4.510441,4.379555,0.0964512512235,0.0477234114,2206890.86667,665052.8,15
meio,ordenado,100000,25,0.562305,0.563900266667,0.555645,0.00754143332783,0.0041972406,1291821,4095,15
meio,repetidos,100000,25,2.079184,2.07311146667,2.027764,0.0251152282373,0.0220744314,1427265,531971.733333,15
meio,aleatorio,100000,30,4.413415,4.40427053333,4.325646,0.0452433361531,0.046642596,2254781.53333,741003.733333,15
meio,ordenado,100000,30,0.560746,0.562634266667,0.555545,0.00591573302385,0.0046538814,1291821,4095,15
meio,repetidos,100000,30,2.043294,2.04040853333,1.987244,0.0286701538136,0.024522204,1403503.8,519419.266667,15
meio,aleatorio,100000,40,4.360455,4.3488152,4.275696,0.0400764553202,0.0459769086,2366897.2,898139.866667,15
meio,ordenado,100000,40,0.563155,0.562940133333,0.555545,0.00411006753276,0.0033373326,1291821,4095,15
meio,repetidos,100000,40,2.013484,2.003039,1.940574,0.0336190581261,0.0259291914,1369087.46667,501616.266667,15
meio,aleatorio,100000,50,4.344706,4.33397513333,4.241797,0.053619766487,0.060074952,2489006.4,1054923.46667,15
meio,ordenado,100000,50,0.529666,0.5298112,0.523776,0.00531459846891,0.0036308874,1195916,2047,15
meio,repetidos,100000,50,1.982944,1.972607,1.887605,0.0386739789689,0.034559406,1332375.66667,482886,15
meio,aleatorio,100000,70,4.398125,4.37995753333,4.304606,0.0443315904872,0.0282450126,2761030.13333,1380914.93333,15
meio,ordenado,100000,70,0.527706,0.530384266667,0.523096,0.00988548438344,0.0046094034,1195916,2047,15
meio,repetidos,100000,70,1.943094,1.9271708,1.851335,0.0378139499187,0.0294429534,1291346.8,462505.933333,15
meio,aleatorio,100000,100,4.539275,4.5364924,4.444615,0.0552520928431,0.0423000606,3191123.66667,1868506.33333,15
meio,ordenado,100000,100,0.492166,0.4961234,0.478357,0.016308875672,0.008243256,1097963,1023,15
meio,repetidos,100000,100,1.892705,1.88207313333,1.793596,0.0393439719014,0.04188345,1237993.93333,436521.6,15
meio,aleatorio,100000,150,4.850302,4.87806693333,4.751103,0.132018082141,0.051031092,3934615.26667,2677281.26667,15
meio,ordenado,100000,150,0.483076,0.4847322,0.477276,0.00791253971509,0.005159448,1097963,1023,15
meio,repetidos,100000,150,1.835796,1.83577613333,1.748446,0.0447372329655,0.0612892014,1190861.06667,415740.733333,15
meio,aleatorio,100000,200,5.180669,5.2047496,5.085929,0.100066869122,0.0567820974,4717552,3506888.06667,15
meio,ordenado,100000,200,0.439847,0.449511666667,0.433506,0.0293705735672,0.005960052,998986,511,15
meio,repetidos,100000,200,1.792455,1.819077,1.709657,0.104455379032,0.0441384846,1153137.73333,400824.6,15
mediana3,aleatorio,1000,1,0.0361745,0.036390305,0.02193,0.00182353298978,0.0005033427,14663.935,2684.295,200
mediana3,ordenado,1000,1,0.00532,0.0053454,0.005289,0.000370349271519,1.4826e-05,10031,511,200
mediana3,repetidos,1000,1,0.020835,0.02123223,0.01422,0.00197770528341,0.0004217997,11604.695,3855.44,200
mediana3,aleatorio,1000,2,0.03624,0.03628891,0.02106,0.00142583111685,0.0004455213,14663.935,2684.295,200
mediana3,ordenado,1000,2,0.00531,0.005339855,0.005289,0.000372395780132,1.4826e-05,10031,511,200
mediana3,repetidos,1000,2,0.02086,0.020948035,0.01603,0.00105922456883,0.000340998,11604.695,3855.44,200
mediana3,aleatorio,1000,3,0.035035,0.035128575,0.019679,0.00147542094986,0.0005418903,13416.495,2492.44,200
mediana3,ordenado,1000,3,0.00524,0.005267505,0.005229,0.000351685417868,0,9939,488,200
mediana3,repetidos,1000,3,0.02046,0.020534935,0.013169,0.00130070661537,0.000311346,10900.39,3624.975,200
mediana3,aleatorio,1000,4,0.0342795,0.03436073,0.01873,0.00149350706522,0.0005048253,12725.125,2480.805,200
mediana3,ordenado,1000,4,0.00476,0.004789315,0.00475,0.000293105304237,0,9007,255,200
mediana3,repetidos,1000,4,0.0199095,0.019948885,0.012879,0.00106439768599,0.0002957787,10378.66,3371.135,200
mediana3,aleatorio,1000,5,0.03361,0.033658935,0.01785,0.00148021807804,0.00051891,12283.015,2539.36,200
mediana3,ordenado,1000,5,0.00476,0.00479166,0.00474,0.000302794662168,7.413e-06,9007,255,200
mediana3,repetidos,1000,5,0.01915,0.019178145,0.011969,0.000835510805138,0.000355824,10014.175,3229.685,200
mediana3,aleatorio,1000,6,0.032865,0.03289499,0.017019,0.00145881484902,0.000481845,12001.315,2625.635,200
mediana3,ordenado,1000,6,0.00475,0.004789705,0.00474,0.000418398787885,0,9007,255,200
mediana3,repetidos,1000,6,0.01911,0.01912625,0.01196,0.000853843681632,0.00029652,9757.41,3107.62,200
mediana3,aleatorio,1000,8,0.03163,0.0317215,0.016119,0.0014604011289,0.0004811037,11667.455,2842.155,200
mediana3,ordenado,1000,8,0.00401,0.004039715,0.003989,0.000268428431597,1.4826e-05,8006,127,200
mediana3,repetidos,1000,8,0.01836,0.0184844,0.01129,0.00142904711901,0.000385476,9281.02,2898.705,200
mediana3,aleatorio,1000,10,0.03055,0.030583005,0.01569,0.00135740693342,0.0004736907,11517.425,3092.01,200
mediana3,ordenado,1000,10,0.00401,0.004045465,0.00399,0.000342224571094,1.4826e-05,8006,127,200
mediana3,repetidos,1000,10,0.017795,0.01782176,0.01066,0.000802086125778,0.0003402567,8952.185,2758.135,200
mediana3,aleatorio,1000,12,0.02973,0.02972976,0.014679,0.00131951928296,0.0004440387,11476.03,3361.135,200
mediana3,ordenado,1000,12,0.00403,0.004061015,0.004009,0.000334452984392,1.4826e-05,8006,127,200
mediana3,repetidos,1000,12,0.01757,0.017645465,0.01054,0.001083768768,0.000326172,8723.245,2664.27,200
mediana3,aleatorio,1000,15,0.0287,0.02880287,0.01457,0.0015867676107,0.000429954,11533.76,3781.445,200
mediana3,ordenado,1000,15,0.00386,0.00387867,0.00383,0.000281946680693,1.4826e-05,7661,104,200
mediana3,repetidos,1000,15,0.01734,0.01736281,0.010239,0.000833191987685,0.000340998,8397.925,2537.065,200
mediana3,aleatorio,1000,20,0.02761,0.02762393,0.01427,0.00118091195282,0.0004588647,11827.55,4526.295,200
mediana3,ordenado,1000,20,0.00358,0.003612965,0.00356,0.000380710977009,0,7005,63,200
mediana3,repetidos,1000,20,0.01661,0.01674852,0.00955,0.00109966314605,0.000355824,8032.035,2411.285,200
mediana3,aleatorio,1000,25,0.02682,0.026834435,0.01391,0.00120119406496,0.0004462626,12262.11,5309.41,200
mediana3,ordenado,1000,25,0.00358,0.003647925,0.003569,0.000762513115053,1.4826e-05,7005,63,200
mediana3,repetidos,1000,25,0.01631,0.01633452,0.01333,0.000628126751284,0.000326172,7848.985,2393.32,200
mediana3,aleatorio,1000,30,0.026255,0.02629399,0.013929,0.00118266150316,0.000452193,12766.56,6092.98,200
mediana3,ordenado,1000,30,0.00358,0.00361567,0.003569,0.00036997416873,0,7005,63,200
mediana3,repetidos,1000,30,0.016015,0.01605302,0.00914,0.000885706605233,0.0003195003,7686.175,2387.6,200
mediana3,aleatorio,1000,40,0.02575,0.025795495,0.01492,0.00108246898593,0.0005033427,14007.94,7772.51,200
mediana3,ordenado,1000,40,0.00316,0.00319232,0.003149,0.000331572691652,0,6004,31,200
mediana3,repetidos,1000,40,0.0156695,0.015708435,0.00878,0.000947985309226,0.000378063,7605,2572.92,200
mediana3,aleatorio,1000,50,0.025649,0.025698445,0.01586,0.00103913695683,0.000429954,15261.67,9348.975,200
mediana3,ordenado,1000,50,0.00318,0.00319833,0.00316,0.000299781882349,0,6004,31,200
mediana3,repetidos,1000,50,0.01554,0.015538675,0.00862,0.000751355003364,0.000363237,7721.465,2843.815,200
mediana3,aleatorio,1000,70,0.02616,0.02628789,0.01723,0.00150166813706,0.000585627,18043.09,12618.955,200
mediana3,ordenado,1000,70,0.00281,0.00284923,0.0028,0.0004040354568,0,5003,15,200
mediana3,repetidos,1000,70,0.0156,0.015581975,0.00876,0.000762651302642,0.0004217997,8511.51,3949.065,200
mediana3,aleatorio,1000,100,0.02779,0.02780913,0.01877,0.00110085953768,0.0007272153,22505.96,17593.45,200
mediana3,ordenado,1000,100,0.00281,0.002816325,0.002799,5.27687605068e-05,0,5003,15,200
mediana3,repetidos,1000,100,0.0165695,0.016588815,0.01062,0.000975812523583,0.0006604983,10979.795,6796.98,200
mediana3,aleatorio,1000,150,0.03097,0.030954355,0.02372,0.00135466336896,0.001022994,30545.15,26234.285,200
mediana3,ordenado,1000,150,0.00234,0.002362835,0.002329,0.000302040261177,0,4002,7,200
mediana3,repetidos,1000,150,0.0186345,0.01857896,0.013549,0.0011584081776,0.0010163223,14791.48,10958.17,200
mediana3,aleatorio,1000,200,0.03399,0.03412788,0.027999,0.00162706918917,0.001438122,38292.94,34383.765,200
mediana3,ordenado,1000,200,0.00235,0.00235343,0.002339,5.34146113298e-05,0,4002,7,200
mediana3,repetidos,1000,200,0.021835,0.021994825,0.0161,0.00157221991837,0.001512252,21354.41,17879.325,200
mediana3,aleatorio,10000,1,0.456107,0.45561358,0.443276,0.00534917804727,0.0052269063,187742.46,34677.87,100
mediana3,ordenado,10000,1,0.068329,0.06877093,0.06789,0.00202009458352,0.0001052646,137247,5904,100
mediana3,repetidos,10000,1,0.2295685,0.22976849,0.214448,0.00450607506314,0.0043877547,149073.86,54924.76,100
mediana3,aleatorio,10000,2,0.4556065,0.4556327,0.441036,0.00513223917009,0.004173519,187742.46,34677.87,100
mediana3,ordenado,10000,2,0.068339,0.06894463,0.067899,0.00255511155998,0.000103782,137247,5904,100
mediana3,repetidos,10000,2,0.230968,0.23079736,0.220698,0.00490353916203,0.0044470587,149073.86,54924.76,100
mediana3,aleatorio,10000,3,0.4446765,0.44399609,0.431026,0.00570738087448,0.005085318,175301.27,32764.06,100
mediana3,ordenado,10000,3,0.0632295,0.06347018,0.06285,0.00130955158013,0.0003402567,130011,4095,100
mediana3,repetidos,10000,3,0.2221735,0.22164718,0.207878,0.00414174886299,0.003743565,141002.17,52238.57,100
mediana3,aleatorio,10000,4,0.4378715,0.44162972,0.424367,0.0187944713637,0.0057680553,168384.61,32649.96,100
mediana3,ordenado,10000,4,0.062749,0.0635069,0.06234,0.00345305876556,0.000259455,129055,3856,100
mediana3,repetidos,10000,4,0.218043,0.21746536,0.202428,0.00437504766963,0.003647196,136905.39,50197.72,100
mediana3,aleatorio,10000,5,0.430531,0.42977675,0.417827,0.00469454332796,0.0046864986,163964.87,33223.47,100
mediana3,ordenado,10000,5,0.0554495,0.05596768,0.05513,0.00269966227547,0.0001475187,120010,2047,100
mediana3,repetidos,10000,5,0.212538,0.21278703,0.198529,0.0047414808015,0.0040393437,132545.07,48457.55,100
mediana3,aleatorio,10000,6,0.4221765,0.42201478,0.409547,0.00559819525316,0.004988949,161167.92,34089.93,100
mediana3,ordenado,10000,6,0.0555195,0.05580425,0.05534,0.00106870826754,0.0002083053,120010,2047,100
mediana3,repetidos,10000,6,0.208564,0.20859365,0.201268,0.00403358359197,0.0043899786,129716.61,47049.13,100
mediana3,aleatorio,10000,8,0.4098215,0.40955536,0.396056,0.0049718109367,0.0044248197,157828.93,36289.78,100
mediana3,ordenado,10000,8,0.05573,0.05590965,0.055309,0.00112777582462,9.6369e-05,120010,2047,100
mediana3,repetidos,10000,8,0.204504,0.20407801,0.189379,0.00474013165332,0.003876999,125929.91,45317.27,100
mediana3,aleatorio,10000,10,0.398432,0.39883535,0.386607,0.00562659925885,0.004610886,156354.32,38800.48,100
mediana3,ordenado,10000,10,0.0499,0.05030101,0.04966,0.00151282983544,0.0001415883,110009,1023,100
mediana3,repetidos,10000,10,0.1995235,0.19981064,0.185899,0.00708180812602,0.0043521723,121809.97,43385.58,100
mediana3,aleatorio,10000,12,0.390207,0.3906589,0.377557,0.00606262476827,0.005248404,155957.28,41505.19,100
mediana3,ordenado,10000,12,0.049889,0.0503662,0.04971,0.00191199508685,0.0001104537,110009,1023,100
mediana3,repetidos,10000,12,0.1964285,0.19639454,0.187859,0.00451182966631,0.004462626,119124.78,42121.92,100
mediana3,aleatorio,10000,15,0.380112,0.38007468,0.367037,0.00467122390659,0.004255062,156576.06,45793.84,100
mediana3,ordenado,10000,15,0.050225,0.05043042,0.049969,0.000894368240207,0.0001845837,110009,1023,100
mediana3,repetidos,10000,15,0.193629,0.19398337,0.184438,0.00474109862743,0.0042617337,116343.63,40825.31,100
mediana3,aleatorio,10000,20,0.368072,0.36759799,0.356188,0.00477860039417,0.003691674,159436.86,53179.26,100
mediana3,ordenado,10000,20,0.04614,0.04634566,0.045959,0.00091557979886,9.6369e-05,100008,511,100
mediana3,repetidos,10000,20,0.1885685,0.18853322,0.174558,0.00474465675777,0.0039726267,111558.64,38539.75,100
mediana3,aleatorio,10000,25,0.3598375,0.35981105,0.347118,0.00501022959085,0.005255817,163684.28,60848.84,100
mediana3,ordenado,10000,25,0.04612,0.04656376,0.045969,0.00182922884961,8.8956e-05,100008,511,100
mediana3,repetidos,10000,25,0.185513,0.18536245,0.170948,0.00447984991942,0.0040460154,108442.33,37084.07,100
mediana3,aleatorio,10000,30,0.3553625,0.3553666,0.343307,0.00469462366474,0.004899993,168859.3,68796.32,100
mediana3,ordenado,10000,30,0.0463645,0.04654132,0.045959,0.000970779670828,0.0001697577,100008,511,100
mediana3,repetidos,10000,30,0.1831485,0.18317245,0.166439,0.00502839869962,0.0041950167,106383.76,36150.25,100
mediana3,aleatorio,10000,40,0.350227,0.35019542,0.337767,0.00457191734458,0.004603473,180351.94,84530.61,100
mediana3,ordenado,10000,40,0.0418,0.04200548,0.041499,0.00104404598064,6.74583e-05,90007,255,100
mediana3,repetidos,10000,40,0.1784435,0.17861289,0.164339,0.00437771640091,0.0037665453,101915.75,34135.67,100
mediana3,aleatorio,10000,50,0.350042,0.34938024,0.337757,0.00527267930113,0.0059304,193564.1,101064.23,100
mediana3,ordenado,10000,50,0.0418,0.04191797,0.0415,0.000890463736352,0.0002305443,90007,255,100
mediana3,repetidos,10000,50,0.1755135,0.17543432,0.161869,0.00431288188795,0.0042172557,99144.88,32993.71,100
mediana3,aleatorio,10000,70,0.354912,0.35495309,0.343497,0.0054592782575,0.0051891,221670.38,134096.51,100
mediana3,ordenado,10000,70,0.04182,0.04222214,0.04174,0.0013455769595,2.9652e-05,90007,255,100
mediana3,repetidos,10000,70,0.171974,0.17197884,0.161429,0.00441534369373,0.004685016,95786.79,31916.75,100
mediana3,aleatorio,10000,100,0.369517,0.36935488,0.357728,0.00487924876085,0.005174274,266133.96,183707.49,100
mediana3,ordenado,10000,100,0.03795,0.03826969,0.03791,0.00156630866764,2.2239e-05,80006,127,100
mediana3,repetidos,10000,100,0.167168,0.16903145,0.153209,0.0109699584609,0.0041134737,92714.67,31763.66,100
mediana3,aleatorio,10000,150,0.4015015,0.40163566,0.387327,0.0055826778398,0.0052328367,345096.5,268552.12,100
mediana3,ordenado,10000,150,0.037939,0.0381203,0.0377,0.00110381185723,0.000111195,80006,127,100
mediana3,repetidos,10000,150,0.1658135,0.16567399,0.152878,0.00465217012572,0.0047524743,93160.81,35167.7,100
mediana3,aleatorio,10000,200,0.4336665,0.4340401,0.421417,0.0066263723328,0.006649461,423958.51,351456.99,100
mediana3,ordenado,10000,200,0.03349,0.03365074,0.03343,0.000845004161367,2.81694e-05,70005,63,100
mediana3,repetidos,10000,200,0.1642635,0.16467471,0.151648,0.0052034354314,0.0047376483,97051.99,41364,100
mediana3,aleatorio,100000,1,5.484317,5.48740266667,5.425077,0.0471553250162,0.075078864,2291988.8,425142.066667,15
mediana3,ordenado,100000,1,0.833913,0.83402,0.824484,0.0040701987491,0.003750978,1731086,65535,15
mediana3,repetidos,100000,1,2.553899,2.54489193333,2.478611,0.0299117937693,0.0329848848,1815019.4,714125.8,15
mediana3,aleatorio,100000,2,5.470397,5.4799568,5.403237,0.0421310733514,0.0475751514,2291988.8,425142.066667,15
mediana3,ordenado,100000,2,0.832103,0.834009266667,0.826164,0.00722603751786,0.003498936,1731086,65535,15
mediana3,repetidos,100000,2,2.56032,2.55607266667,2.490161,0.0387439034627,0.025456242,1815019.4,714125.8,15
mediana3,aleatorio,100000,3,5.353657,5.3490198,5.276719,0.0415784175113,0.0338462754,2167613.06667,405997.266667,15
mediana3,ordenado,100000,3,0.743655,0.744141466667,0.734924,0.0066172068219,0.0036605394,1606802,34464,15
mediana3,repetidos,100000,3,2.471751,2.46977253333,2.41646,0.0228592027916,0.0237794214,1736852.86667,688074.666667,15
mediana3,aleatorio,100000,4,5.273109,5.27309093333,5.203359,0.0431082996789,0.0600171306,2098511.6,404873.8,15
mediana3,ordenado,100000,4,0.737555,0.738250266667,0.729274,0.00660535807904,0.004833276,1600014,32767,15
mediana3,repetidos,100000,4,2.43849,2.42639553333,2.370232,0.0307525274429,0.03536001,1695329.8,667321.666667,15
mediana3,aleatorio,100000,5,5.218848,5.21142486667,5.144899,0.043729873465,0.0472371186,2054319.73333,410591.733333,15
mediana3,ordenado,100000,5,0.738045,0.736312066667,0.731334,0.00262746897404,0.0016293774,1600014,32767,15
mediana3,repetidos,100000,5,2.392851,2.3887892,2.326222,0.0466945130735,0.045797514,1661429.93333,653766.866667,15
mediana3,aleatorio,100000,6,5.153459,5.190429,5.06697,0.114681171667,0.089949342,2026428.33333,419220.466667,15
mediana3,ordenado,100000,6,0.661015,0.675269333333,0.653065,0.0340043773478,0.00711648,1511892,18080,15
mediana3,repetidos,100000,6,2.342262,2.35589493333,2.281492,0.0833503435433,0.033625368,1623953.53333,635034.866667,15
mediana3,aleatorio,100000,8,5.026621,5.05225026667,4.955261,0.0887372533434,0.05900748,1993293,441038.066667,15
mediana3,ordenado,100000,8,0.651865,0.650789533333,0.645205,0.00335432720243,0.0038532774,1500013,16383,15
mediana3,repetidos,100000,8,2.292972,2.34747686667,2.228042,0.202591439931,0.0407700174,1585384.33333,617229.933333,15
mediana3,aleatorio,100000,10,4.924881,4.94705026667,4.847552,0.106286932836,0.051475872,1978641.8,466262.266667,15
mediana3,ordenado,100000,10,0.654015,0.670178066667,0.644575,0.0597623240398,0.008776992,1500013,16383,15
mediana3,repetidos,100000,10,2.287132,2.2907732,2.198773,0.0631055308672,0.067947558,1553270.46667,602070.866667,15
mediana3,aleatorio,100000,12,4.817402,4.8115708,4.739323,0.0448637944421,0.0535796814,1974608.26667,493583,15
mediana3,ordenado,100000,12,0.617325,0.616877733333,0.611115,0.00330666760321,0.004195758,1422073,9888,15
mediana3,repetidos,100000,12,2.217402,2.21439846667,2.164083,0.0269712453229,0.033447456,1517548.46667,585100.333333,15
mediana3,aleatorio,100000,15,4.712883,4.7089716,4.642413,0.043418988173,0.063425628,1980798.53333,536514.066667,15
mediana3,ordenado,100000,15,0.607456,0.6074306,0.602185,0.00312947455197,0.003721326,1400012,8191,15
mediana3,repetidos,100000,15,2.191223,2.1885988,2.134953,0.025283211141,0.021408744,1488317.66667,571303.6,15
mediana3,aleatorio,100000,20,4.594254,4.58729186667,4.524454,0.0430020491852,0.0573306594,2009709.53333,610860.533333,15
mediana3,ordenado,100000,20,0.609615,0.608957133333,0.602895,0.00318539719135,0.0029652,1400012,8191,15
mediana3,repetidos,100000,20,2.160713,2.14983786667,2.095434,0.0294726177878,0.0388129854,1449603.4,552527.733333,15
mediana3,aleatorio,100000,25,4.506555,4.50620513333,4.436735,0.0426694435396,0.0534640386,2052445.66667,687455.466667,15
mediana3,ordenado,100000,25,0.564166,0.564654133333,0.558495,0.00454401502555,0.004655364,1300011,4095,15
mediana3,repetidos,100000,25,2.097154,2.09406973333,2.048564,0.0244762077638,0.032231724,1408178.93333,532415.933333,15
mediana3,aleatorio,100000,30,4.466455,4.46507733333,4.386345,0.0428432214386,0.0522008634,2103685.2,766303.733333,15
mediana3,ordenado,100000,30,0.561766,0.5622456,0.557625,0.00301008879318,0.002045988,1300011,4095,15
mediana3,repetidos,100000,30,2.078223,2.07580213333,2.016504,0.0335450445518,0.0400880214,1386277.2,521728.066667,15
mediana3,aleatorio,100000,40,4.400925,4.40759786667,4.339256,0.0449882551989,0.0507923934,2219295.46667,924534.133333,15
mediana3,ordenado,100000,40,0.562816,0.563548933333,0.557696,0.00426675786026,0.005796966,1300011,4095,15
mediana3,repetidos,100000,40,2.035494,2.03160126667,1.981355,0.0287222691241,0.0291464334,1348350.6,503215.4,15
mediana3,aleatorio,100000,50,4.478315,4.68540773333,4.354776,0.344487713778,0.1774064334,2348325.93333,1085942.46667,15
mediana3,ordenado,100000,50,0.541056,0.629451066667,0.527376,0.161764487255,0.01986684,1200010,2047,15
mediana3,repetidos,100000,50,2.001894,1.99869413333,1.946875,0.0258892593859,0.027250188,1307680.6,483364.533333,15
mediana3,aleatorio,100000,70,4.443845,4.4457776,4.368086,0.0517838890042,0.0593766474,2629579.2,1416027.53333,15
mediana3,ordenado,100000,70,0.529225,0.5277196,0.524075,0.00338189941981,0.0058132746,1200010,2047,15
mediana3,repetidos,100000,70,1.960565,1.95256573333,1.902065,0.027659512444,0.037005696,1268425,464481.133333,15
mediana3,aleatorio,100000,100,4.606363,4.5971558,4.532244,0.0419545739345,0.036308874,3078274.46667,1916630,15
mediana3,ordenado,100000,100,0.478017,0.480238933333,0.477186,0.00304609298861,0.0012320406,1100009,1023,15
mediana3,repetidos,100000,100,1.902705,1.89565973333,1.842226,0.0273441535236,0.032750634,1210390.66667,436855.8,15
mediana3,aleatorio,100000,150,4.903142,4.90172633333,4.835492,0.0465976659159,0.055241676,3844386.66667,2740563.4,15
mediana3,ordenado,100000,150,0.480156,0.480057533333,0.477046,0.00286625424719,0.003884412,1100009,1023,15
mediana3,repetidos,100000,150,1.852106,1.845431,1.788366,0.0288585119778,0.0294281274,1166248.73333,417813.6,15
mediana3,aleatorio,100000,200,5.246169,5.23940673333,5.173429,0.0416497915712,0.038458644,4650929,3588963.26667,15
mediana3,ordenado,100000,200,0.437897,0.4375032,0.433956,0.00264980013262,0.002639028,1000008,511,15
mediana3,repetidos,100000,200,1.807076,1.8081192,1.757316,0.0285167347214,0.028851396,1125171.4,402281.2,15
