n,tempo_mediana_ms,ticks_relogio,cv_mad_pct,comparacoes_sobre_nlogn,razao_sobre_teoria,memoria_entrada_kb
100,0.00059,29.5,10.0515254237,1.35011953055,0.973905375668,0.390625
200,0.00142,71,2.08816901408,1.2918872039,0.931899631225,0.78125
500,0.00425,212.5,1.04654117647,1.32922002377,0.958829568274,1.953125
1000,0.0095695,478.475,3.57113015309,1.34056182819,0.967010950768,3.90625
2000,0.022295,1114.75,5.65575824176,1.36888293717,0.987440312509,7.8125
5000,0.131604,6580.2,2.24749019787,1.36803739221,0.986830380749,19.53125
10000,0.3295175,16475.875,1.68274037039,1.35625677959,0.978332465043,39.0625
20000,0.7396595,36982.975,0.550317855716,1.35845574746,0.979918685061,78.125
50000,2.061375,103068.75,1.27918415136,1.38676063907,1.00033634844,195.3125
100000,4.376898,218844.9,0.629874102618,1.33750246034,0.964804083358,390.625
200000,9.345766,467288.3,0.751939420482,1.34138002614,0.967601155833,781.25
500000,25.038375,1251918.75,1.49838177358,1.3644506743,0.984243110676,1953.125
