algoritmo,M,pivo,massa,n,repeticao,tempo_ms,comparacoes,trocas
quicksort_recursivo,1,meio,aleatorio,1000,0,0.025578,12531,2631
quicksort_recursivo,1,meio,aleatorio,1000,1,0.03746,12763,2613
quicksort_recursivo,1,meio,aleatorio,1000,2,0.03732,14014,2573
quicksort_recursivo,1,meio,aleatorio,1000,3,0.036628,14131,2558
quicksort_recursivo,1,meio,aleatorio,1000,4,0.036439,13922,2550
quicksort_recursivo,1,meio,aleatorio,1000,5,0.036919,12575,2646
quicksort_recursivo,1,meio,aleatorio,1000,6,0.036549,12434,2625
quicksort_recursivo,1,meio,aleatorio,1000,7,0.036628,13154,2620
quicksort_recursivo,1,meio,aleatorio,1000,8,0.036378,14160,2606
quicksort_recursivo,1,meio,aleatorio,1000,9,0.049553,14058,2596
quicksort_hibrido,40,meio,aleatorio,1000,0,0.014267,13948,7845
quicksort_hibrido,40,meio,aleatorio,1000,1,0.025397,14069,7549
quicksort_hibrido,40,meio,aleatorio,1000,2,0.025939,14552,6751
quicksort_hibrido,40,meio,aleatorio,1000,3,0.025278,15211,7455
quicksort_hibrido,40,meio,aleatorio,1000,4,0.025137,14840,7036
quicksort_hibrido,40,meio,aleatorio,1000,5,0.025588,13763,7886
quicksort_hibrido,40,meio,aleatorio,1000,6,0.025378,13423,7079
quicksort_hibrido,40,meio,aleatorio,1000,7,0.025427,14479,7588
quicksort_hibrido,40,meio,aleatorio,1000,8,0.025148,14583,6790
quicksort_hibrido,40,meio,aleatorio,1000,9,0.025668,15390,7568
quicksort_mediana3,40,mediana3,aleatorio,1000,0,0.014428,13861,7935
quicksort_mediana3,40,mediana3,aleatorio,1000,1,0.026049,14453,7992
quicksort_mediana3,40,mediana3,aleatorio,1000,2,0.025237,14191,7549
quicksort_mediana3,40,mediana3,aleatorio,1000,3,0.025017,14287,7973
quicksort_mediana3,40,mediana3,aleatorio,1000,4,0.02633,13751,7446
quicksort_mediana3,40,mediana3,aleatorio,1000,5,0.025989,13213,7203
quicksort_mediana3,40,mediana3,aleatorio,1000,6,0.026189,13971,8003
quicksort_mediana3,40,mediana3,aleatorio,1000,7,0.026279,13584,7842
quicksort_mediana3,40,mediana3,aleatorio,1000,8,0.025478,13603,7550
quicksort_mediana3,40,mediana3,aleatorio,1000,9,0.026189,13549,7864
quicksort_recursivo,1,meio,aleatorio,10000,0,0.431409,178105,33697
quicksort_recursivo,1,meio,aleatorio,10000,1,0.444183,185163,33577
quicksort_recursivo,1,meio,aleatorio,10000,2,0.433082,182672,33432
quicksort_recursivo,1,meio,aleatorio,10000,3,0.437801,174922,33622
quicksort_recursivo,1,meio,aleatorio,10000,4,0.436108,182623,33425
quicksort_recursivo,1,meio,aleatorio,10000,5,0.439034,187432,33406
quicksort_recursivo,1,meio,aleatorio,10000,6,0.444444,175126,33879
quicksort_recursivo,1,meio,aleatorio,10000,7,0.441999,176321,33673
quicksort_recursivo,1,meio,aleatorio,10000,8,0.430999,186093,33237
quicksort_recursivo,1,meio,aleatorio,10000,9,0.437661,171758,33914
quicksort_hibrido,40,meio,aleatorio,10000,0,0.3303,189555,82434
quicksort_hibrido,40,meio,aleatorio,10000,1,0.333826,196091,81637
quicksort_hibrido,40,meio,aleatorio,10000,2,0.332975,192827,80588
quicksort_hibrido,40,meio,aleatorio,10000,3,0.330309,186880,83143
quicksort_hibrido,40,meio,aleatorio,10000,4,0.330861,193656,81748
quicksort_hibrido,40,meio,aleatorio,10000,5,0.331863,199236,82416
quicksort_hibrido,40,meio,aleatorio,10000,6,0.340278,185483,80967
quicksort_hibrido,40,meio,aleatorio,10000,7,0.331511,188542,83655
quicksort_hibrido,40,meio,aleatorio,10000,8,0.334668,198280,82213
quicksort_hibrido,40,meio,aleatorio,10000,9,0.334748,183068,81643
quicksort_mediana3,40,mediana3,aleatorio,10000,0,0.327374,182134,86024
quicksort_mediana3,40,mediana3,aleatorio,10000,1,0.333265,185160,87146
quicksort_mediana3,40,mediana3,aleatorio,10000,2,0.340489,180029,85150
quicksort_mediana3,40,mediana3,aleatorio,10000,3,0.337873,176286,84261
quicksort_mediana3,40,mediana3,aleatorio,10000,4,0.329468,189186,85088
quicksort_mediana3,40,mediana3,aleatorio,10000,5,0.333466,181283,84944
quicksort_mediana3,40,mediana3,aleatorio,10000,6,0.337493,179284,84267
quicksort_mediana3,40,mediana3,aleatorio,10000,7,0.341631,175214,85800
quicksort_mediana3,40,mediana3,aleatorio,10000,8,0.34655,179718,84190
quicksort_mediana3,40,mediana3,aleatorio,10000,9,0.337984,179907,83349
quicksort_recursivo,1,meio,aleatorio,100000,0,5.19725,2193919,414530
quicksort_recursivo,1,meio,aleatorio,100000,1,5.20962,2194634,414794
quicksort_recursivo,1,meio,aleatorio,100000,2,5.18679,2252779,413228
quicksort_recursivo,1,meio,aleatorio,100000,3,5.12729,2244842,412039
quicksort_recursivo,1,meio,aleatorio,100000,4,5.13437,2304277,410351
quicksort_hibrido,40,meio,aleatorio,100000,0,4.21882,2310647,902266
quicksort_hibrido,40,meio,aleatorio,100000,1,4.19386,2307972,899171
quicksort_hibrido,40,meio,aleatorio,100000,2,4.14335,2366806,899285
quicksort_hibrido,40,meio,aleatorio,100000,3,4.16078,2352196,890643
quicksort_hibrido,40,meio,aleatorio,100000,4,4.11205,2418234,895833
quicksort_mediana3,40,mediana3,aleatorio,100000,0,4.27792,2315142,926764
quicksort_mediana3,40,mediana3,aleatorio,100000,1,4.205,2226271,920928
quicksort_mediana3,40,mediana3,aleatorio,100000,2,4.20602,2250981,919578
quicksort_mediana3,40,mediana3,aleatorio,100000,3,4.20314,2245002,921988
quicksort_mediana3,40,mediana3,aleatorio,100000,4,4.24247,2175369,928369
quicksort_recursivo,1,meio,aleatorio,500000,0,28.8731,13255294,2329998
quicksort_recursivo,1,meio,aleatorio,500000,1,28.9708,12902415,2335073
quicksort_recursivo,1,meio,aleatorio,500000,2,28.4849,12966630,2332628
quicksort_hibrido,40,meio,aleatorio,500000,0,24.9475,13829274,4757475
quicksort_hibrido,40,meio,aleatorio,500000,1,24.262,13467866,4752192
quicksort_hibrido,40,meio,aleatorio,500000,2,24.0154,13535002,4754680
quicksort_mediana3,40,mediana3,aleatorio,500000,0,24.7705,12397352,4910899
quicksort_mediana3,40,mediana3,aleatorio,500000,1,24.3303,12389446,4909222
quicksort_mediana3,40,mediana3,aleatorio,500000,2,24.1582,12371415,4913158
quicksort_recursivo,1,meio,ordenado,1000,0,0.004529,9009,511
quicksort_recursivo,1,meio,ordenado,1000,1,0.004488,9009,511
quicksort_recursivo,1,meio,ordenado,1000,2,0.004488,9009,511
quicksort_recursivo,1,meio,ordenado,1000,3,0.004489,9009,511
quicksort_recursivo,1,meio,ordenado,1000,4,0.004498,9009,511
quicksort_recursivo,1,meio,ordenado,1000,5,0.004509,9009,511
quicksort_recursivo,1,meio,ordenado,1000,6,0.004488,9009,511
quicksort_recursivo,1,meio,ordenado,1000,7,0.011591,9009,511
quicksort_recursivo,1,meio,ordenado,1000,8,0.004508,9009,511
quicksort_recursivo,1,meio,ordenado,1000,9,0.004499,9009,511
quicksort_hibrido,40,meio,ordenado,1000,0,0.002515,5942,31
quicksort_hibrido,40,meio,ordenado,1000,1,0.002485,5942,31
quicksort_hibrido,40,meio,ordenado,1000,2,0.002475,5942,31
quicksort_hibrido,40,meio,ordenado,1000,3,0.002475,5942,31
quicksort_hibrido,40,meio,ordenado,1000,4,0.002484,5942,31
quicksort_hibrido,40,meio,ordenado,1000,5,0.002474,5942,31
quicksort_hibrido,40,meio,ordenado,1000,6,0.002485,5942,31
quicksort_hibrido,40,meio,ordenado,1000,7,0.002475,5942,31
quicksort_hibrido,40,meio,ordenado,1000,8,0.002504,5942,31
quicksort_hibrido,40,meio,ordenado,1000,9,0.002484,5942,31
quicksort_mediana3,40,mediana3,ordenado,1000,0,0.002485,6004,31
quicksort_mediana3,40,mediana3,ordenado,1000,1,0.002474,6004,31
quicksort_mediana3,40,mediana3,ordenado,1000,2,0.002475,6004,31
quicksort_mediana3,40,mediana3,ordenado,1000,3,0.002475,6004,31
quicksort_mediana3,40,mediana3,ordenado,1000,4,0.002475,6004,31
quicksort_mediana3,40,mediana3,ordenado,1000,5,0.002474,6004,31
quicksort_mediana3,40,mediana3,ordenado,1000,6,0.002475,6004,31
quicksort_mediana3,40,mediana3,ordenado,1000,7,0.002475,6004,31
quicksort_mediana3,40,mediana3,ordenado,1000,8,0.002474,6004,31
quicksort_mediana3,40,mediana3,ordenado,1000,9,0.002474,6004,31
quicksort_recursivo,1,meio,ordenado,10000,0,0.056847,125439,5904
quicksort_recursivo,1,meio,ordenado,10000,1,0.056416,125439,5904
quicksort_recursivo,1,meio,ordenado,10000,2,0.056466,125439,5904
quicksort_recursivo,1,meio,ordenado,10000,3,0.056365,125439,5904
quicksort_recursivo,1,meio,ordenado,10000,4,0.056426,125439,5904
quicksort_recursivo,1,meio,ordenado,10000,5,0.056406,125439,5904
quicksort_recursivo,1,meio,ordenado,10000,6,0.056436,125439,5904
quicksort_recursivo,1,meio,ordenado,10000,7,0.056395,125439,5904
quicksort_recursivo,1,meio,ordenado,10000,8,0.056455,125439,5904
quicksort_recursivo,1,meio,ordenado,10000,9,0.056425,125439,5904
quicksort_hibrido,40,meio,ordenado,10000,0,0.03207,89497,255
quicksort_hibrido,40,meio,ordenado,10000,1,0.044343,89497,255
quicksort_hibrido,40,meio,ordenado,10000,2,0.03191,89497,255
quicksort_hibrido,40,meio,ordenado,10000,3,0.03193,89497,255
quicksort_hibrido,40,meio,ordenado,10000,4,0.03191,89497,255
quicksort_hibrido,40,meio,ordenado,10000,5,0.031919,89497,255
quicksort_hibrido,40,meio,ordenado,10000,6,0.03192,89497,255
quicksort_hibrido,40,meio,ordenado,10000,7,0.031919,89497,255
quicksort_hibrido,40,meio,ordenado,10000,8,0.03191,89497,255
quicksort_hibrido,40,meio,ordenado,10000,9,0.03194,89497,255
quicksort_mediana3,40,mediana3,ordenado,10000,0,0.032511,90007,255
quicksort_mediana3,40,mediana3,ordenado,10000,1,0.032431,90007,255
quicksort_mediana3,40,mediana3,ordenado,10000,2,0.03244,90007,255
quicksort_mediana3,40,mediana3,ordenado,10000,3,0.032441,90007,255
quicksort_mediana3,40,mediana3,ordenado,10000,4,0.03241,90007,255
quicksort_mediana3,40,mediana3,ordenado,10000,5,0.032411,90007,255
quicksort_mediana3,40,mediana3,ordenado,10000,6,0.032441,90007,255
quicksort_mediana3,40,mediana3,ordenado,10000,7,0.032451,90007,255
quicksort_mediana3,40,mediana3,ordenado,10000,8,0.032471,90007,255
quicksort_mediana3,40,mediana3,ordenado,10000,9,0.032421,90007,255
quicksort_recursivo,1,meio,ordenado,100000,0,0.691818,1600016,65535
quicksort_recursivo,1,meio,ordenado,100000,1,0.710363,1600016,65535
quicksort_recursivo,1,meio,ordenado,100000,2,0.700645,1600016,65535
quicksort_recursivo,1,meio,ordenado,100000,3,0.686909,1600016,65535
quicksort_recursivo,1,meio,ordenado,100000,4,0.707417,1600016,65535
quicksort_hibrido,40,meio,ordenado,100000,0,0.444735,1291821,4095
quicksort_hibrido,40,meio,ordenado,100000,1,0.456506,1291821,4095
quicksort_hibrido,40,meio,ordenado,100000,2,0.430818,1291821,4095
quicksort_hibrido,40,meio,ordenado,100000,3,0.438923,1291821,4095
quicksort_hibrido,40,meio,ordenado,100000,4,0.433133,1291821,4095
quicksort_mediana3,40,mediana3,ordenado,100000,0,0.427532,1300011,4095
quicksort_mediana3,40,mediana3,ordenado,100000,1,0.468188,1300011,4095
quicksort_mediana3,40,mediana3,ordenado,100000,2,0.433413,1300011,4095
quicksort_mediana3,40,mediana3,ordenado,100000,3,0.43754,1300011,4095
quicksort_mediana3,40,mediana3,ordenado,100000,4,0.43699,1300011,4095
quicksort_recursivo,1,meio,ordenado,500000,0,3.5713,9000018,262143
quicksort_recursivo,1,meio,ordenado,500000,1,3.64215,9000018,262143
quicksort_recursivo,1,meio,ordenado,500000,2,3.58753,9000018,262143
quicksort_hibrido,40,meio,ordenado,500000,0,2.53471,7467247,16383
quicksort_hibrido,40,meio,ordenado,500000,1,2.43918,7467247,16383
quicksort_hibrido,40,meio,ordenado,500000,2,2.39945,7467247,16383
quicksort_mediana3,40,mediana3,ordenado,500000,0,2.45204,7500013,16383
quicksort_mediana3,40,mediana3,ordenado,500000,1,2.50197,7500013,16383
quicksort_mediana3,40,mediana3,ordenado,500000,2,2.43217,7500013,16383
quicksort_recursivo,1,meio,inverso,1000,0,0.004859,9016,1010
quicksort_recursivo,1,meio,inverso,1000,1,0.00485,9016,1010
quicksort_recursivo,1,meio,inverso,1000,2,0.004819,9016,1010
quicksort_recursivo,1,meio,inverso,1000,3,0.004819,9016,1010
quicksort_recursivo,1,meio,inverso,1000,4,0.004829,9016,1010
quicksort_recursivo,1,meio,inverso,1000,5,0.004819,9016,1010
quicksort_recursivo,1,meio,inverso,1000,6,0.004829,9016,1010
quicksort_recursivo,1,meio,inverso,1000,7,0.004819,9016,1010
quicksort_recursivo,1,meio,inverso,1000,8,0.00483,9016,1010
quicksort_recursivo,1,meio,inverso,1000,9,0.004819,9016,1010
quicksort_hibrido,40,meio,inverso,1000,0,0.002826,5946,530
quicksort_hibrido,40,meio,inverso,1000,1,0.002805,5946,530
quicksort_hibrido,40,meio,inverso,1000,2,0.002805,5946,530
quicksort_hibrido,40,meio,inverso,1000,3,0.002805,5946,530
quicksort_hibrido,40,meio,inverso,1000,4,0.002815,5946,530
quicksort_hibrido,40,meio,inverso,1000,5,0.002806,5946,530
quicksort_hibrido,40,meio,inverso,1000,6,0.002805,5946,530
quicksort_hibrido,40,meio,inverso,1000,7,0.002805,5946,530
quicksort_hibrido,40,meio,inverso,1000,8,0.002805,5946,530
quicksort_hibrido,40,meio,inverso,1000,9,0.002805,5946,530
quicksort_mediana3,40,mediana3,inverso,1000,0,0.002815,6009,530
quicksort_mediana3,40,mediana3,inverso,1000,1,0.002805,6009,530
quicksort_mediana3,40,mediana3,inverso,1000,2,0.002806,6009,530
quicksort_mediana3,40,mediana3,inverso,1000,3,0.002805,6009,530
quicksort_mediana3,40,mediana3,inverso,1000,4,0.002805,6009,530
quicksort_mediana3,40,mediana3,inverso,1000,5,0.002806,6009,530
quicksort_mediana3,40,mediana3,inverso,1000,6,0.002805,6009,530
quicksort_mediana3,40,mediana3,inverso,1000,7,0.002805,6009,530
quicksort_mediana3,40,mediana3,inverso,1000,8,0.002825,6009,530
quicksort_mediana3,40,mediana3,inverso,1000,9,0.002805,6009,530
quicksort_recursivo,1,meio,inverso,10000,0,0.060283,125452,10904
quicksort_recursivo,1,meio,inverso,10000,1,0.060223,125452,10904
quicksort_recursivo,1,meio,inverso,10000,2,0.060183,125452,10904
quicksort_recursivo,1,meio,inverso,10000,3,0.060192,125452,10904
quicksort_recursivo,1,meio,inverso,10000,4,0.060193,125452,10904
quicksort_recursivo,1,meio,inverso,10000,5,0.060203,125452,10904
quicksort_recursivo,1,meio,inverso,10000,6,0.060203,125452,10904
quicksort_recursivo,1,meio,inverso,10000,7,0.060213,125452,10904
quicksort_recursivo,1,meio,inverso,10000,8,0.060233,125452,10904
quicksort_recursivo,1,meio,inverso,10000,9,0.060243,125452,10904
quicksort_hibrido,40,meio,inverso,10000,0,0.035436,89504,5254
quicksort_hibrido,40,meio,inverso,10000,1,0.035407,89504,5254
quicksort_hibrido,40,meio,inverso,10000,2,0.035557,89504,5254
quicksort_hibrido,40,meio,inverso,10000,3,0.035356,89504,5254
quicksort_hibrido,40,meio,inverso,10000,4,0.035347,89504,5254
quicksort_hibrido,40,meio,inverso,10000,5,0.035347,89504,5254
quicksort_hibrido,40,meio,inverso,10000,6,0.035356,89504,5254
quicksort_hibrido,40,meio,inverso,10000,7,0.035326,89504,5254
quicksort_hibrido,40,meio,inverso,10000,8,0.035366,89504,5254
quicksort_hibrido,40,meio,inverso,10000,9,0.035356,89504,5254
quicksort_mediana3,40,mediana3,inverso,10000,0,0.035957,90015,5254
quicksort_mediana3,40,mediana3,inverso,10000,1,0.035877,90015,5254
quicksort_mediana3,40,mediana3,inverso,10000,2,0.035878,90015,5254
quicksort_mediana3,40,mediana3,inverso,10000,3,0.035868,90015,5254
quicksort_mediana3,40,mediana3,inverso,10000,4,0.035878,90015,5254
quicksort_mediana3,40,mediana3,inverso,10000,5,0.035897,90015,5254
quicksort_mediana3,40,mediana3,inverso,10000,6,0.035888,90015,5254
quicksort_mediana3,40,mediana3,inverso,10000,7,0.035897,90015,5254
quicksort_mediana3,40,mediana3,inverso,10000,8,0.035837,90015,5254
quicksort_mediana3,40,mediana3,inverso,10000,9,0.035827,90015,5254
quicksort_recursivo,1,meio,inverso,100000,0,0.718257,1600030,115534
quicksort_recursivo,1,meio,inverso,100000,1,0.722986,1600030,115534
quicksort_recursivo,1,meio,inverso,100000,2,0.722595,1600030,115534
quicksort_recursivo,1,meio,inverso,100000,3,0.7355,1600030,115534
quicksort_recursivo,1,meio,inverso,100000,4,0.763472,1600030,115534
quicksort_hibrido,40,meio,inverso,100000,0,0.477125,1291832,54094
quicksort_hibrido,40,meio,inverso,100000,1,0.468429,1291832,54094
quicksort_hibrido,40,meio,inverso,100000,2,0.471464,1291832,54094
quicksort_hibrido,40,meio,inverso,100000,3,0.468288,1291832,54094
quicksort_hibrido,40,meio,inverso,100000,4,0.478738,1291832,54094
quicksort_mediana3,40,mediana3,inverso,100000,0,0.499126,1300023,54094
quicksort_mediana3,40,mediana3,inverso,100000,1,0.526227,1300023,54094
quicksort_mediana3,40,mediana3,inverso,100000,2,0.477626,1300023,54094
quicksort_mediana3,40,mediana3,inverso,100000,3,0.47979,1300023,54094
quicksort_mediana3,40,mediana3,inverso,100000,4,0.486232,1300023,54094
quicksort_recursivo,1,meio,inverso,500000,0,3.73525,9000034,512142
quicksort_recursivo,1,meio,inverso,500000,1,3.74788,9000034,512142
quicksort_recursivo,1,meio,inverso,500000,2,3.80176,9000034,512142
quicksort_hibrido,40,meio,inverso,500000,0,2.66415,7467260,266382
quicksort_hibrido,40,meio,inverso,500000,1,2.91502,7467260,266382
quicksort_hibrido,40,meio,inverso,500000,2,2.62675,7467260,266382
quicksort_mediana3,40,mediana3,inverso,500000,0,2.66589,7500027,266382
quicksort_mediana3,40,mediana3,inverso,500000,1,2.66396,7500027,266382
quicksort_mediana3,40,mediana3,inverso,500000,2,2.61891,7500027,266382
quicksort_recursivo,1,meio,repetidos,1000,0,0.013345,10272,3858
quicksort_recursivo,1,meio,repetidos,1000,1,0.019576,10493,3802
quicksort_recursivo,1,meio,repetidos,1000,2,0.019015,11411,3780
quicksort_recursivo,1,meio,repetidos,1000,3,0.019377,10807,3848
quicksort_recursivo,1,meio,repetidos,1000,4,0.019546,10620,3875
quicksort_recursivo,1,meio,repetidos,1000,5,0.019877,9951,3867
quicksort_recursivo,1,meio,repetidos,1000,6,0.019847,10384,3842
quicksort_recursivo,1,meio,repetidos,1000,7,0.019777,10242,3852
quicksort_recursivo,1,meio,repetidos,1000,8,0.019967,10233,3871
quicksort_recursivo,1,meio,repetidos,1000,9,0.019467,10588,3850
quicksort_hibrido,40,meio,repetidos,1000,0,0.007053,7690,2615
quicksort_hibrido,40,meio,repetidos,1000,1,0.014187,7947,2558
quicksort_hibrido,40,meio,repetidos,1000,2,0.013566,8833,2461
quicksort_hibrido,40,meio,repetidos,1000,3,0.013585,8096,2476
quicksort_hibrido,40,meio,repetidos,1000,4,0.013826,7967,2634
quicksort_hibrido,40,meio,repetidos,1000,5,0.014437,7561,2791
quicksort_hibrido,40,meio,repetidos,1000,6,0.014266,7921,2684
quicksort_hibrido,40,meio,repetidos,1000,7,0.014176,7856,2718
quicksort_hibrido,40,meio,repetidos,1000,8,0.014237,7813,2785
quicksort_hibrido,40,meio,repetidos,1000,9,0.013636,7775,2344
quicksort_mediana3,40,mediana3,repetidos,1000,0,0.006953,7408,2501
quicksort_mediana3,40,mediana3,repetidos,1000,1,0.015299,7524,2358
quicksort_mediana3,40,mediana3,repetidos,1000,2,0.015038,7986,2480
quicksort_mediana3,40,mediana3,repetidos,1000,3,0.014568,7793,2559
quicksort_mediana3,40,mediana3,repetidos,1000,4,0.015549,7519,2641
quicksort_mediana3,40,mediana3,repetidos,1000,5,0.022312,7522,2684
quicksort_mediana3,40,mediana3,repetidos,1000,6,0.014407,7350,2571
quicksort_mediana3,40,mediana3,repetidos,1000,7,0.014407,7656,2692
quicksort_mediana3,40,mediana3,repetidos,1000,8,0.014908,7524,2437
quicksort_mediana3,40,mediana3,repetidos,1000,9,0.014547,8047,2442
quicksort_recursivo,1,meio,repetidos,10000,0,0.192861,133577,54882
quicksort_recursivo,1,meio,repetidos,10000,1,0.205265,137419,55037
quicksort_recursivo,1,meio,repetidos,10000,2,0.205035,133986,54889
quicksort_recursivo,1,meio,repetidos,10000,3,0.199434,135857,54546
quicksort_recursivo,1,meio,repetidos,10000,4,0.199915,134360,54529
quicksort_recursivo,1,meio,repetidos,10000,5,0.197571,136915,54935
quicksort_recursivo,1,meio,repetidos,10000,6,0.242856,134621,55084
quicksort_recursivo,1,meio,repetidos,10000,7,0.204644,137753,54645
quicksort_recursivo,1,meio,repetidos,10000,8,0.199814,135950,54872
quicksort_recursivo,1,meio,repetidos,10000,9,0.196468,135756,54759
quicksort_hibrido,40,meio,repetidos,10000,0,0.156373,100564,34023
quicksort_hibrido,40,meio,repetidos,10000,1,0.157135,103644,33983
quicksort_hibrido,40,meio,repetidos,10000,2,0.162625,100888,33939
quicksort_hibrido,40,meio,repetidos,10000,3,0.157506,102030,33210
quicksort_hibrido,40,meio,repetidos,10000,4,0.158928,101228,33558
quicksort_hibrido,40,meio,repetidos,10000,5,0.15466,103074,33847
quicksort_hibrido,40,meio,repetidos,10000,6,0.164729,100951,33806
quicksort_hibrido,40,meio,repetidos,10000,7,0.160652,105124,33850
quicksort_hibrido,40,meio,repetidos,10000,8,0.157165,102534,33903
quicksort_hibrido,40,meio,repetidos,10000,9,0.150632,102389,33789
quicksort_mediana3,40,mediana3,repetidos,10000,0,0.144401,104862,33947
quicksort_mediana3,40,mediana3,repetidos,10000,1,0.163917,101221,34165
quicksort_mediana3,40,mediana3,repetidos,10000,2,0.171983,100592,34269
quicksort_mediana3,40,mediana3,repetidos,10000,3,0.165941,98164,34149
quicksort_mediana3,40,mediana3,repetidos,10000,4,0.148709,106593,33962
quicksort_mediana3,40,mediana3,repetidos,10000,5,0.161703,100082,34189
quicksort_mediana3,40,mediana3,repetidos,10000,6,0.161573,101180,34015
quicksort_mediana3,40,mediana3,repetidos,10000,7,0.17033,98124,34592
quicksort_mediana3,40,mediana3,repetidos,10000,8,0.1599,102200,34211
quicksort_mediana3,40,mediana3,repetidos,10000,9,0.158788,102687,34611
quicksort_recursivo,1,meio,repetidos,100000,0,2.26082,1674158,715440
quicksort_recursivo,1,meio,repetidos,100000,1,2.21204,1676915,709177
quicksort_recursivo,1,meio,repetidos,100000,2,2.30962,1707068,712717
quicksort_recursivo,1,meio,repetidos,100000,3,2.31261,1692315,710645
quicksort_recursivo,1,meio,repetidos,100000,4,2.21909,1684607,714672
quicksort_hibrido,40,meio,repetidos,100000,0,1.78957,1335976,499313
quicksort_hibrido,40,meio,repetidos,100000,1,1.78296,1361429,504827
quicksort_hibrido,40,meio,repetidos,100000,2,1.70214,1369865,497206
quicksort_hibrido,40,meio,repetidos,100000,3,1.81516,1364514,499815
quicksort_hibrido,40,meio,repetidos,100000,4,1.73124,1354198,502530
quicksort_mediana3,40,mediana3,repetidos,100000,0,1.7479,1364614,498870
quicksort_mediana3,40,mediana3,repetidos,100000,1,1.86665,1332638,506123
quicksort_mediana3,40,mediana3,repetidos,100000,2,1.7425,1354912,498729
quicksort_mediana3,40,mediana3,repetidos,100000,3,1.7766,1390611,502458
quicksort_mediana3,40,mediana3,repetidos,100000,4,1.8335,1326541,503191
quicksort_recursivo,1,meio,repetidos,500000,0,11.7513,9647497,4120162
quicksort_recursivo,1,meio,repetidos,500000,1,11.1939,9916443,4115682
quicksort_recursivo,1,meio,repetidos,500000,2,11.7093,9765525,4157423
quicksort_hibrido,40,meio,repetidos,500000,0,9.3496,8011957,3065429
quicksort_hibrido,40,meio,repetidos,500000,1,9.21452,8320643,3082866
quicksort_hibrido,40,meio,repetidos,500000,2,9.02134,8041381,3058561
quicksort_mediana3,40,mediana3,repetidos,500000,0,9.08884,8027300,3075124
quicksort_mediana3,40,mediana3,repetidos,500000,1,9.16799,7810395,3074332
quicksort_mediana3,40,mediana3,repetidos,500000,2,9.38206,7804408,3062387
quicksort_recursivo,1,meio,quase_ordenado,1000,0,0.004708,9009,523
quicksort_recursivo,1,meio,quase_ordenado,1000,1,0.005119,9009,531
quicksort_recursivo,1,meio,quase_ordenado,1000,2,0.006351,9313,573
quicksort_recursivo,1,meio,quase_ordenado,1000,3,0.005139,9009,535
quicksort_recursivo,1,meio,quase_ordenado,1000,4,0.00496,9009,527
quicksort_recursivo,1,meio,quase_ordenado,1000,5,0.005069,9108,531
quicksort_recursivo,1,meio,quase_ordenado,1000,6,0.00496,9009,527
quicksort_recursivo,1,meio,quase_ordenado,1000,7,0.004899,9009,527
quicksort_recursivo,1,meio,quase_ordenado,1000,8,0.004979,9009,529
quicksort_recursivo,1,meio,quase_ordenado,1000,9,0.00502,9009,533
quicksort_hibrido,40,meio,quase_ordenado,1000,0,0.002645,5942,43
quicksort_hibrido,40,meio,quase_ordenado,1000,1,0.002965,5949,57
quicksort_hibrido,40,meio,quase_ordenado,1000,2,0.003307,6263,72
quicksort_hibrido,40,meio,quase_ordenado,1000,3,0.003105,6004,115
quicksort_hibrido,40,meio,quase_ordenado,1000,4,0.002925,5961,65
quicksort_hibrido,40,meio,quase_ordenado,1000,5,0.002946,6058,53
quicksort_hibrido,40,meio,quase_ordenado,1000,6,0.002955,5993,95
quicksort_hibrido,40,meio,quase_ordenado,1000,7,0.002836,5942,47
quicksort_hibrido,40,meio,quase_ordenado,1000,8,0.002915,6004,111
quicksort_hibrido,40,meio,quase_ordenado,1000,9,0.002976,5963,73
quicksort_mediana3,40,mediana3,quase_ordenado,1000,0,0.002645,6004,43
quicksort_mediana3,40,mediana3,quase_ordenado,1000,1,0.002936,6011,57
quicksort_mediana3,40,mediana3,quase_ordenado,1000,2,0.003236,6331,72
quicksort_mediana3,40,mediana3,quase_ordenado,1000,3,0.002955,6066,115
quicksort_mediana3,40,mediana3,quase_ordenado,1000,4,0.002856,6023,65
quicksort_mediana3,40,mediana3,quase_ordenado,1000,5,0.002905,6122,53
quicksort_mediana3,40,mediana3,quase_ordenado,1000,6,0.002856,6055,95
quicksort_mediana3,40,mediana3,quase_ordenado,1000,7,0.002825,6004,47
quicksort_mediana3,40,mediana3,quase_ordenado,1000,8,0.003166,6345,55
quicksort_mediana3,40,mediana3,quase_ordenado,1000,9,0.002966,6025,73
quicksort_recursivo,1,meio,quase_ordenado,10000,0,0.062117,126174,6242
quicksort_recursivo,1,meio,quase_ordenado,10000,1,0.06392,125699,6215
quicksort_recursivo,1,meio,quase_ordenado,10000,2,0.063048,125690,6277
quicksort_recursivo,1,meio,quase_ordenado,10000,3,0.062848,125565,6282
quicksort_recursivo,1,meio,quase_ordenado,10000,4,0.062187,125497,6235
quicksort_recursivo,1,meio,quase_ordenado,10000,5,0.062808,125604,6249
quicksort_recursivo,1,meio,quase_ordenado,10000,6,0.083586,125784,6245
quicksort_recursivo,1,meio,quase_ordenado,10000,7,0.062778,125964,6209
quicksort_recursivo,1,meio,quase_ordenado,10000,8,0.06418,125994,6306
quicksort_recursivo,1,meio,quase_ordenado,10000,9,0.062718,125700,6255
quicksort_hibrido,40,meio,quase_ordenado,10000,0,0.038362,91241,1215
quicksort_hibrido,40,meio,quase_ordenado,10000,1,0.039414,90906,1330
quicksort_hibrido,40,meio,quase_ordenado,10000,2,0.038733,90533,1309
quicksort_hibrido,40,meio,quase_ordenado,10000,3,0.049433,90705,1058
quicksort_hibrido,40,meio,quase_ordenado,10000,4,0.053891,90047,1069
quicksort_hibrido,40,meio,quase_ordenado,10000,5,0.038772,90485,1124
quicksort_hibrido,40,meio,quase_ordenado,10000,6,0.038993,90773,1188
quicksort_hibrido,40,meio,quase_ordenado,10000,7,0.038322,90911,1113
quicksort_hibrido,40,meio,quase_ordenado,10000,8,0.039404,91789,1089
quicksort_hibrido,40,meio,quase_ordenado,10000,9,0.038693,90388,1095
quicksort_mediana3,40,mediana3,quase_ordenado,10000,0,0.038202,91907,1248
quicksort_mediana3,40,mediana3,quase_ordenado,10000,1,0.046096,92067,1309
quicksort_mediana3,40,mediana3,quase_ordenado,10000,2,0.039464,91657,1209
quicksort_mediana3,40,mediana3,quase_ordenado,10000,3,0.039084,91917,1096
quicksort_mediana3,40,mediana3,quase_ordenado,10000,4,0.038752,92290,983
quicksort_mediana3,40,mediana3,quase_ordenado,10000,5,0.039424,92316,980
quicksort_mediana3,40,mediana3,quase_ordenado,10000,6,0.039173,91537,1205
quicksort_mediana3,40,mediana3,quase_ordenado,10000,7,0.038642,91671,1114
quicksort_mediana3,40,mediana3,quase_ordenado,10000,8,0.040095,93161,1110
quicksort_mediana3,40,mediana3,quase_ordenado,10000,9,0.038873,91288,1143
quicksort_recursivo,1,meio,quase_ordenado,100000,0,0.774803,1602147,70389
quicksort_recursivo,1,meio,quase_ordenado,100000,1,0.776206,1603664,70150
quicksort_recursivo,1,meio,quase_ordenado,100000,2,0.810881,1600911,69596
quicksort_recursivo,1,meio,quase_ordenado,100000,3,0.805972,1627166,70139
quicksort_recursivo,1,meio,quase_ordenado,100000,4,0.77277,1603200,69962
quicksort_hibrido,40,meio,quase_ordenado,100000,0,0.498806,1297099,12529
quicksort_hibrido,40,meio,quase_ordenado,100000,1,0.505609,1299328,12300
quicksort_hibrido,40,meio,quase_ordenado,100000,2,0.521068,1294247,12170
quicksort_hibrido,40,meio,quase_ordenado,100000,3,0.523101,1323140,11689
quicksort_hibrido,40,meio,quase_ordenado,100000,4,0.530605,1296762,12362
quicksort_mediana3,40,mediana3,quase_ordenado,100000,0,0.514455,1307539,12478
quicksort_mediana3,40,mediana3,quase_ordenado,100000,1,0.553278,1310873,12463
quicksort_mediana3,40,mediana3,quase_ordenado,100000,2,0.500519,1304403,12378
quicksort_mediana3,40,mediana3,quase_ordenado,100000,3,0.531397,1353082,12087
quicksort_mediana3,40,mediana3,quase_ordenado,100000,4,0.516259,1306409,12430
quicksort_recursivo,1,meio,quase_ordenado,500000,0,3.98753,9042674,300917
quicksort_recursivo,1,meio,quase_ordenado,500000,1,4.00255,9061074,303344
quicksort_recursivo,1,meio,quase_ordenado,500000,2,3.90272,9028091,298280
quicksort_hibrido,40,meio,quase_ordenado,500000,0,3.88136,7527635,70411
quicksort_hibrido,40,meio,quase_ordenado,500000,1,2.92739,7543534,69234
quicksort_hibrido,40,meio,quase_ordenado,500000,2,2.88741,7511669,68452
quicksort_mediana3,40,mediana3,quase_ordenado,500000,0,2.99428,7636171,70240
quicksort_mediana3,40,mediana3,quase_ordenado,500000,1,2.91254,7595819,70020
quicksort_mediana3,40,mediana3,quase_ordenado,500000,2,2.90391,7565576,68625
