algoritmo,M,pivo,massa,n,repeticoes,tempo_mediana_ms,tempo_medio_ms,tempo_min_ms,tempo_desvio_ms,comparacoes_medias,trocas_medias
quicksort_recursivo,1,meio,aleatorio,1000,10,0.036628,0.0369452,0.025578,0.00567169,13374.2,2601.8
quicksort_hibrido,40,meio,aleatorio,1000,10,0.0253875,0.0243227,0.014267,0.00354157,14425.8,7354.7
quicksort_mediana3,40,mediana3,aleatorio,1000,10,0.026019,0.0247185,0.014428,0.00364494,13846.3,7735.7
quicksort_recursivo,1,meio,aleatorio,10000,10,0.437731,0.437672,0.430999,0.0049003,180022,33586.2
quicksort_hibrido,40,meio,aleatorio,10000,10,0.332419,0.333134,0.3303,0.00301712,191362,82044.4
quicksort_mediana3,40,mediana3,aleatorio,10000,10,0.337683,0.336559,0.327374,0.00578007,180820,85021.9
quicksort_recursivo,1,meio,aleatorio,100000,5,5.18679,5.17106,5.12729,0.037691,2.23809e+06,412988
quicksort_hibrido,40,meio,aleatorio,100000,5,4.16078,4.16577,4.11205,0.0418821,2.35117e+06,897440
quicksort_mediana3,40,mediana3,aleatorio,100000,5,4.20602,4.22691,4.20314,0.0328857,2.24255e+06,923525
quicksort_recursivo,1,meio,aleatorio,500000,3,28.8731,28.7762,28.4849,0.257026,1.30414e+07,2.33257e+06
quicksort_hibrido,40,meio,aleatorio,500000,3,24.262,24.4083,24.0154,0.482948,1.36107e+07,4.75478e+06
quicksort_mediana3,40,mediana3,aleatorio,500000,3,24.3303,24.4197,24.1582,0.315768,1.23861e+07,4.91109e+06
quicksort_recursivo,1,meio,ordenado,1000,10,0.0044985,0.0052087,0.004488,0.00224255,9009,511
quicksort_hibrido,40,meio,ordenado,1000,10,0.002484,0.0024856,0.002474,1.36642e-05,5942,31
quicksort_mediana3,40,mediana3,ordenado,1000,10,0.002475,0.0024756,0.002474,3.33999e-06,6004,31
quicksort_recursivo,1,meio,ordenado,10000,10,0.0564255,0.0564637,0.056365,0.000137741,125439,5904
quicksort_hibrido,40,meio,ordenado,10000,10,0.0319195,0.0331771,0.03191,0.00392359,89497,255
quicksort_mediana3,40,mediana3,ordenado,10000,10,0.0324405,0.0324428,0.03241,3.0239e-05,90007,255
quicksort_recursivo,1,meio,ordenado,100000,5,0.700645,0.69943,0.686909,0.00999396,1.60002e+06,65535
quicksort_hibrido,40,meio,ordenado,100000,5,0.438923,0.440823,0.430818,0.0102969,1.29182e+06,4095
quicksort_mediana3,40,mediana3,ordenado,100000,5,0.43699,0.440733,0.427532,0.0158574,1.30001e+06,4095
quicksort_recursivo,1,meio,ordenado,500000,3,3.58753,3.60033,3.5713,0.0371191,9.00002e+06,262143
quicksort_hibrido,40,meio,ordenado,500000,3,2.43918,2.45778,2.39945,0.0695246,7.46725e+06,16383
quicksort_mediana3,40,mediana3,ordenado,500000,3,2.45204,2.46206,2.43217,0.0359636,7.50001e+06,16383
quicksort_recursivo,1,meio,inverso,1000,10,0.004824,0.0048292,0.004819,1.43046e-05,9016,1010
quicksort_hibrido,40,meio,inverso,1000,10,0.002805,0.0028082,0.002805,6.98888e-06,5946,530
quicksort_mediana3,40,mediana3,inverso,1000,10,0.002805,0.0028082,0.002805,6.66333e-06,6009,530
quicksort_recursivo,1,meio,inverso,10000,10,0.060208,0.0602169,0.060183,2.99794e-05,125452,10904
quicksort_hibrido,40,meio,inverso,10000,10,0.035356,0.0353854,0.035326,6.82482e-05,89504,5254
quicksort_mediana3,40,mediana3,inverso,10000,10,0.035878,0.0358804,0.035827,3.55721e-05,90015,5254
quicksort_recursivo,1,meio,inverso,100000,5,0.722986,0.732562,0.718257,0.0184373,1.60003e+06,115534
quicksort_hibrido,40,meio,inverso,100000,5,0.471464,0.472809,0.468288,0.00487888,1.29183e+06,54094
quicksort_mediana3,40,mediana3,inverso,100000,5,0.486232,0.4938,0.477626,0.0199689,1.30002e+06,54094
quicksort_recursivo,1,meio,inverso,500000,3,3.74788,3.76163,3.73525,0.0353247,9.00003e+06,512142
quicksort_hibrido,40,meio,inverso,500000,3,2.66415,2.7353,2.62675,0.156756,7.46726e+06,266382
quicksort_mediana3,40,mediana3,inverso,500000,3,2.66396,2.64959,2.61891,0.0265818,7.50003e+06,266382
quicksort_recursivo,1,meio,repetidos,1000,10,0.019561,0.0189794,0.013345,0.00199974,10500.1,3844.5
quicksort_hibrido,40,meio,repetidos,1000,10,0.014001,0.0132969,0.007053,0.00221672,7945.9,2606.6
quicksort_mediana3,40,mediana3,repetidos,1000,10,0.014738,0.0147988,0.006953,0.00364098,7632.9,2536.5
quicksort_recursivo,1,meio,repetidos,10000,10,0.199865,0.204386,0.192861,0.0140972,135619,54817.8
quicksort_hibrido,40,meio,repetidos,10000,10,0.157336,0.15804,0.150632,0.00400455,102243,33790.8
quicksort_mediana3,40,mediana3,repetidos,10000,10,0.161638,0.160724,0.144401,0.00864972,101570,34211
quicksort_recursivo,1,meio,repetidos,100000,5,2.26082,2.26284,2.21204,0.0478647,1.68701e+06,712530
quicksort_hibrido,40,meio,repetidos,100000,5,1.78296,1.76421,1.70214,0.0461776,1.3572e+06,500738
quicksort_mediana3,40,mediana3,repetidos,100000,5,1.7766,1.79343,1.7425,0.0545827,1.35386e+06,501874
quicksort_recursivo,1,meio,repetidos,500000,3,11.7093,11.5515,11.1939,0.310413,9.77649e+06,4.13109e+06
quicksort_hibrido,40,meio,repetidos,500000,3,9.21452,9.19515,9.02134,0.164983,8.12466e+06,3.06895e+06
quicksort_mediana3,40,mediana3,repetidos,500000,3,9.16799,9.21296,9.08884,0.151695,7.8807e+06,3.07061e+06
quicksort_recursivo,1,meio,quase_ordenado,1000,10,0.0049995,0.0051204,0.004708,0.000449443,9049.3,533.6
quicksort_hibrido,40,meio,quase_ordenado,1000,10,0.0029505,0.0029575,0.002645,0.000169877,6007.9,73.1
quicksort_mediana3,40,mediana3,quase_ordenado,1000,10,0.0029205,0.0029346,0.002645,0.000168294,6098.6,67.5
quicksort_recursivo,1,meio,quase_ordenado,10000,10,0.062828,0.065019,0.062117,0.00655651,125767,6251.5
quicksort_hibrido,40,meio,quase_ordenado,10000,10,0.0388825,0.0414017,0.038322,0.00552094,90777.8,1159
quicksort_mediana3,40,mediana3,quase_ordenado,10000,10,0.0391285,0.0397805,0.038202,0.00227877,91981.1,1139.7
quicksort_recursivo,1,meio,quase_ordenado,100000,5,0.776206,0.788126,0.77277,0.0186525,1.60742e+06,70047.2
quicksort_hibrido,40,meio,quase_ordenado,100000,5,0.521068,0.515838,0.498806,0.0131614,1.30212e+06,12210
quicksort_mediana3,40,mediana3,quase_ordenado,100000,5,0.516259,0.523182,0.500519,0.0200684,1.31646e+06,12367.2
quicksort_recursivo,1,meio,quase_ordenado,500000,3,3.98753,3.96427,3.90272,0.0538259,9.04395e+06,300847
quicksort_hibrido,40,meio,quase_ordenado,500000,3,2.92739,3.23206,2.88741,0.56267,7.52761e+06,69365.7
quicksort_mediana3,40,mediana3,quase_ordenado,500000,3,2.91254,2.93691,2.90391,0.0498689,7.59919e+06,69628.3
